{
    "nncase_version": "2.9.0",
    "chip_type": "k230",
    "inference_width": 640,
    "inference_height": 640,
    "confidence_threshold": 0.5,
    "nms_threshold": 0.5,
    "calibrate_method": "NoClip",
    "ptq_option": "w:uint8 d:uint8",
    "export_kmodel_name": "best_AnchorBaseDet_can1_5_n_20250225165803.npy",
    "model_type": "AnchorBaseDet",
    "img_size": [
        640,
        640
    ],
    "anchors": [
        [
            17,
            16,
            23,
            24,
            27,
            22
        ],
        [
            29,
            26,
            46,
            36,
            48,
            56
        ],
        [
            65,
            49,
            84,
            60,
            126,
            131
        ]
    ],
    "mean": [
        0.485,
        0.456,
        0.406
    ],
    "std": [
        0.229,
        0.224,
        0.225
    ],
    "categories": [
        "green"
    ],
    "nms_option": false,
    "kmodel_path": "best_AnchorBaseDet_can1_5_n_20250225165803.kmodel",
    "num_classes": 1
}